-- phpMyAdmin SQL Dump
-- version 5.2.1
-- https://www.phpmyadmin.net/
--
-- Servidor: 127.0.0.1
-- Tiempo de generación: 12-11-2025 a las 17:45:23
-- Versión del servidor: 10.4.32-MariaDB
-- Versión de PHP: 8.2.12

SET SQL_MODE = "NO_AUTO_VALUE_ON_ZERO";
START TRANSACTION;
SET time_zone = "+00:00";


/*!40101 SET @OLD_CHARACTER_SET_CLIENT=@@CHARACTER_SET_CLIENT */;
/*!40101 SET @OLD_CHARACTER_SET_RESULTS=@@CHARACTER_SET_RESULTS */;
/*!40101 SET @OLD_COLLATION_CONNECTION=@@COLLATION_CONNECTION */;
/*!40101 SET NAMES utf8mb4 */;

--
-- Base de datos: `saludigital`
--

-- --------------------------------------------------------

--
-- Estructura de tabla para la tabla `horarios`
--

CREATE TABLE `horarios` (
  `id_horario` int(11) NOT NULL,
  `id_profesional` int(11) NOT NULL,
  `dia` date NOT NULL,
  `hora` time NOT NULL
) ENGINE=InnoDB DEFAULT CHARSET=utf8mb4 COLLATE=utf8mb4_general_ci;

--
-- Volcado de datos para la tabla `horarios`
--

INSERT INTO `horarios` (`id_horario`, `id_profesional`, `dia`, `hora`) VALUES
(1, 4, '2025-09-24', '10:00:00'),
(2, 4, '2025-09-24', '11:00:00'),
(5, 6, '2025-09-24', '14:00:00'),
(6, 6, '2025-09-24', '15:00:04'),
(7, 7, '2025-09-23', '16:00:00'),
(8, 7, '2025-09-23', '17:00:00'),
(10, 4, '2025-10-23', '18:00:00'),
(12, 4, '2025-10-24', '18:00:00'),
(13, 4, '2025-10-25', '18:00:00'),
(14, 4, '2025-10-26', '18:00:00'),
(15, 4, '2025-10-27', '18:00:00'),
(17, 6, '2025-10-04', '17:00:00'),
(18, 7, '2025-11-05', '13:30:00'),
(19, 7, '2025-11-05', '13:30:00'),
(20, 6, '2025-11-10', '16:50:00'),
(21, 7, '2025-11-11', '23:00:00'),
(23, 4, '2025-11-14', '12:00:00'),
(24, 4, '2025-11-14', '12:30:00'),
(25, 4, '2025-11-14', '13:00:00'),
(26, 4, '2025-11-14', '13:30:00'),
(27, 4, '2025-11-14', '14:00:00'),
(28, 4, '2025-11-14', '14:30:00'),
(29, 4, '2025-11-14', '15:00:00'),
(30, 4, '2025-11-14', '15:30:00'),
(31, 4, '2025-11-14', '16:00:00'),
(32, 4, '2025-11-14', '16:30:00'),
(33, 4, '2025-11-14', '17:00:00'),
(34, 4, '2025-11-14', '17:30:00'),
(35, 4, '2025-11-17', '12:00:00'),
(36, 4, '2025-11-17', '12:30:00'),
(37, 4, '2025-11-17', '13:00:00'),
(38, 4, '2025-11-17', '13:30:00'),
(39, 4, '2025-11-17', '14:00:00'),
(40, 4, '2025-11-17', '14:30:00'),
(41, 4, '2025-11-17', '15:00:00'),
(42, 4, '2025-11-17', '15:30:00'),
(43, 4, '2025-11-17', '16:00:00'),
(44, 4, '2025-11-17', '16:30:00'),
(45, 4, '2025-11-17', '17:00:00'),
(46, 4, '2025-11-17', '17:30:00'),
(47, 4, '2025-11-21', '12:00:00'),
(48, 4, '2025-11-21', '12:30:00'),
(49, 4, '2025-11-21', '13:00:00'),
(50, 4, '2025-11-21', '13:30:00'),
(51, 4, '2025-11-21', '14:00:00'),
(52, 4, '2025-11-21', '14:30:00'),
(53, 4, '2025-11-21', '15:00:00'),
(54, 4, '2025-11-21', '15:30:00'),
(55, 4, '2025-11-21', '16:00:00'),
(56, 4, '2025-11-21', '16:30:00'),
(57, 4, '2025-11-21', '17:00:00'),
(58, 4, '2025-11-21', '17:30:00'),
(59, 4, '2025-11-24', '12:00:00'),
(60, 4, '2025-11-24', '12:30:00'),
(61, 4, '2025-11-24', '13:00:00'),
(62, 4, '2025-11-24', '13:30:00'),
(63, 4, '2025-11-24', '14:00:00'),
(64, 4, '2025-11-24', '14:30:00'),
(65, 4, '2025-11-24', '15:00:00'),
(66, 4, '2025-11-24', '15:30:00'),
(67, 4, '2025-11-24', '16:00:00'),
(68, 4, '2025-11-24', '16:30:00'),
(69, 4, '2025-11-24', '17:00:00'),
(70, 4, '2025-11-24', '17:30:00'),
(71, 4, '2025-11-28', '12:00:00'),
(72, 4, '2025-11-28', '12:30:00'),
(73, 4, '2025-11-28', '13:00:00'),
(74, 4, '2025-11-28', '13:30:00'),
(75, 4, '2025-11-28', '14:00:00'),
(76, 4, '2025-11-28', '14:30:00'),
(77, 4, '2025-11-28', '15:00:00'),
(78, 4, '2025-11-28', '15:30:00'),
(79, 4, '2025-11-28', '16:00:00'),
(80, 4, '2025-11-28', '16:30:00'),
(81, 4, '2025-11-28', '17:00:00'),
(82, 4, '2025-11-28', '17:30:00'),
(83, 8, '2025-11-13', '10:00:00'),
(84, 8, '2025-11-13', '10:20:00'),
(85, 8, '2025-11-13', '10:40:00'),
(86, 8, '2025-11-13', '11:00:00'),
(87, 8, '2025-11-13', '11:20:00'),
(88, 8, '2025-11-13', '11:40:00'),
(89, 8, '2025-11-13', '12:00:00'),
(90, 8, '2025-11-13', '12:20:00'),
(91, 8, '2025-11-13', '12:40:00'),
(92, 8, '2025-11-13', '13:00:00'),
(93, 8, '2025-11-13', '13:20:00'),
(94, 8, '2025-11-13', '13:40:00'),
(95, 8, '2025-11-13', '14:00:00'),
(96, 8, '2025-11-13', '14:20:00'),
(97, 8, '2025-11-13', '14:40:00'),
(98, 8, '2025-11-13', '15:00:00'),
(99, 8, '2025-11-13', '15:20:00'),
(100, 8, '2025-11-13', '15:40:00'),
(101, 8, '2025-11-13', '16:00:00'),
(102, 8, '2025-11-13', '16:20:00'),
(103, 8, '2025-11-13', '16:40:00'),
(104, 8, '2025-11-13', '17:00:00'),
(105, 8, '2025-11-13', '17:20:00'),
(106, 8, '2025-11-13', '17:40:00'),
(107, 8, '2025-11-14', '10:00:00'),
(108, 8, '2025-11-14', '10:20:00'),
(109, 8, '2025-11-14', '10:40:00'),
(110, 8, '2025-11-14', '11:00:00'),
(111, 8, '2025-11-14', '11:20:00'),
(112, 8, '2025-11-14', '11:40:00'),
(113, 8, '2025-11-14', '12:00:00'),
(114, 8, '2025-11-14', '12:20:00'),
(115, 8, '2025-11-14', '12:40:00'),
(116, 8, '2025-11-14', '13:00:00'),
(117, 8, '2025-11-14', '13:20:00'),
(118, 8, '2025-11-14', '13:40:00'),
(119, 8, '2025-11-14', '14:00:00'),
(120, 8, '2025-11-14', '14:20:00'),
(121, 8, '2025-11-14', '14:40:00'),
(122, 8, '2025-11-14', '15:00:00'),
(123, 8, '2025-11-14', '15:20:00'),
(124, 8, '2025-11-14', '15:40:00'),
(125, 8, '2025-11-14', '16:00:00'),
(126, 8, '2025-11-14', '16:20:00'),
(127, 8, '2025-11-14', '16:40:00'),
(128, 8, '2025-11-14', '17:00:00'),
(129, 8, '2025-11-14', '17:20:00'),
(130, 8, '2025-11-14', '17:40:00'),
(131, 8, '2025-11-17', '10:00:00'),
(132, 8, '2025-11-17', '10:20:00'),
(133, 8, '2025-11-17', '10:40:00'),
(134, 8, '2025-11-17', '11:00:00'),
(135, 8, '2025-11-17', '11:20:00'),
(136, 8, '2025-11-17', '11:40:00'),
(137, 8, '2025-11-17', '12:00:00'),
(138, 8, '2025-11-17', '12:20:00'),
(139, 8, '2025-11-17', '12:40:00'),
(140, 8, '2025-11-17', '13:00:00'),
(141, 8, '2025-11-17', '13:20:00'),
(142, 8, '2025-11-17', '13:40:00'),
(143, 8, '2025-11-17', '14:00:00'),
(144, 8, '2025-11-17', '14:20:00'),
(145, 8, '2025-11-17', '14:40:00'),
(146, 8, '2025-11-17', '15:00:00'),
(147, 8, '2025-11-17', '15:20:00'),
(148, 8, '2025-11-17', '15:40:00'),
(149, 8, '2025-11-17', '16:00:00'),
(150, 8, '2025-11-17', '16:20:00'),
(151, 8, '2025-11-17', '16:40:00'),
(152, 8, '2025-11-17', '17:00:00'),
(153, 8, '2025-11-17', '17:20:00'),
(154, 8, '2025-11-17', '17:40:00'),
(155, 8, '2025-11-18', '10:00:00'),
(156, 8, '2025-11-18', '10:20:00'),
(157, 8, '2025-11-18', '10:40:00'),
(158, 8, '2025-11-18', '11:00:00'),
(159, 8, '2025-11-18', '11:20:00'),
(160, 8, '2025-11-18', '11:40:00'),
(161, 8, '2025-11-18', '12:00:00'),
(162, 8, '2025-11-18', '12:20:00'),
(163, 8, '2025-11-18', '12:40:00'),
(164, 8, '2025-11-18', '13:00:00'),
(165, 8, '2025-11-18', '13:20:00'),
(166, 8, '2025-11-18', '13:40:00'),
(167, 8, '2025-11-18', '14:00:00'),
(168, 8, '2025-11-18', '14:20:00'),
(169, 8, '2025-11-18', '14:40:00'),
(170, 8, '2025-11-18', '15:00:00'),
(171, 8, '2025-11-18', '15:20:00'),
(172, 8, '2025-11-18', '15:40:00'),
(173, 8, '2025-11-18', '16:00:00'),
(174, 8, '2025-11-18', '16:20:00'),
(175, 8, '2025-11-18', '16:40:00'),
(176, 8, '2025-11-18', '17:00:00'),
(177, 8, '2025-11-18', '17:20:00'),
(178, 8, '2025-11-18', '17:40:00'),
(179, 8, '2025-11-20', '10:00:00'),
(180, 8, '2025-11-20', '10:20:00'),
(181, 8, '2025-11-20', '10:40:00'),
(182, 8, '2025-11-20', '11:00:00'),
(183, 8, '2025-11-20', '11:20:00'),
(184, 8, '2025-11-20', '11:40:00'),
(185, 8, '2025-11-20', '12:00:00'),
(186, 8, '2025-11-20', '12:20:00'),
(187, 8, '2025-11-20', '12:40:00'),
(188, 8, '2025-11-20', '13:00:00'),
(189, 8, '2025-11-20', '13:20:00'),
(190, 8, '2025-11-20', '13:40:00'),
(191, 8, '2025-11-20', '14:00:00'),
(192, 8, '2025-11-20', '14:20:00'),
(193, 8, '2025-11-20', '14:40:00'),
(194, 8, '2025-11-20', '15:00:00'),
(195, 8, '2025-11-20', '15:20:00'),
(196, 8, '2025-11-20', '15:40:00'),
(197, 8, '2025-11-20', '16:00:00'),
(198, 8, '2025-11-20', '16:20:00'),
(199, 8, '2025-11-20', '16:40:00'),
(200, 8, '2025-11-20', '17:00:00'),
(201, 8, '2025-11-20', '17:20:00'),
(202, 8, '2025-11-20', '17:40:00'),
(203, 8, '2025-11-21', '10:00:00'),
(204, 8, '2025-11-21', '10:20:00'),
(205, 8, '2025-11-21', '10:40:00'),
(206, 8, '2025-11-21', '11:00:00'),
(207, 8, '2025-11-21', '11:20:00'),
(208, 8, '2025-11-21', '11:40:00'),
(209, 8, '2025-11-21', '12:00:00'),
(210, 8, '2025-11-21', '12:20:00'),
(211, 8, '2025-11-21', '12:40:00'),
(212, 8, '2025-11-21', '13:00:00'),
(213, 8, '2025-11-21', '13:20:00'),
(214, 8, '2025-11-21', '13:40:00'),
(215, 8, '2025-11-21', '14:00:00'),
(216, 8, '2025-11-21', '14:20:00'),
(217, 8, '2025-11-21', '14:40:00'),
(218, 8, '2025-11-21', '15:00:00'),
(219, 8, '2025-11-21', '15:20:00'),
(220, 8, '2025-11-21', '15:40:00'),
(221, 8, '2025-11-21', '16:00:00'),
(222, 8, '2025-11-21', '16:20:00'),
(223, 8, '2025-11-21', '16:40:00'),
(224, 8, '2025-11-21', '17:00:00'),
(225, 8, '2025-11-21', '17:20:00'),
(226, 8, '2025-11-21', '17:40:00'),
(227, 8, '2025-11-24', '10:00:00'),
(228, 8, '2025-11-24', '10:20:00'),
(229, 8, '2025-11-24', '10:40:00'),
(230, 8, '2025-11-24', '11:00:00'),
(231, 8, '2025-11-24', '11:20:00'),
(232, 8, '2025-11-24', '11:40:00'),
(233, 8, '2025-11-24', '12:00:00'),
(234, 8, '2025-11-24', '12:20:00'),
(235, 8, '2025-11-24', '12:40:00'),
(236, 8, '2025-11-24', '13:00:00'),
(237, 8, '2025-11-24', '13:20:00'),
(238, 8, '2025-11-24', '13:40:00'),
(239, 8, '2025-11-24', '14:00:00'),
(240, 8, '2025-11-24', '14:20:00'),
(241, 8, '2025-11-24', '14:40:00'),
(242, 8, '2025-11-24', '15:00:00'),
(243, 8, '2025-11-24', '15:20:00'),
(244, 8, '2025-11-24', '15:40:00'),
(245, 8, '2025-11-24', '16:00:00'),
(246, 8, '2025-11-24', '16:20:00'),
(247, 8, '2025-11-24', '16:40:00'),
(248, 8, '2025-11-24', '17:00:00'),
(249, 8, '2025-11-24', '17:20:00'),
(250, 8, '2025-11-24', '17:40:00'),
(251, 8, '2025-11-25', '10:00:00'),
(252, 8, '2025-11-25', '10:20:00'),
(253, 8, '2025-11-25', '10:40:00'),
(254, 8, '2025-11-25', '11:00:00'),
(255, 8, '2025-11-25', '11:20:00'),
(256, 8, '2025-11-25', '11:40:00'),
(257, 8, '2025-11-25', '12:00:00'),
(258, 8, '2025-11-25', '12:20:00'),
(259, 8, '2025-11-25', '12:40:00'),
(260, 8, '2025-11-25', '13:00:00'),
(261, 8, '2025-11-25', '13:20:00'),
(262, 8, '2025-11-25', '13:40:00'),
(263, 8, '2025-11-25', '14:00:00'),
(264, 8, '2025-11-25', '14:20:00'),
(265, 8, '2025-11-25', '14:40:00'),
(266, 8, '2025-11-25', '15:00:00'),
(267, 8, '2025-11-25', '15:20:00'),
(268, 8, '2025-11-25', '15:40:00'),
(269, 8, '2025-11-25', '16:00:00'),
(270, 8, '2025-11-25', '16:20:00'),
(271, 8, '2025-11-25', '16:40:00'),
(272, 8, '2025-11-25', '17:00:00'),
(273, 8, '2025-11-25', '17:20:00'),
(274, 8, '2025-11-25', '17:40:00'),
(275, 8, '2025-11-27', '10:00:00'),
(276, 8, '2025-11-27', '10:20:00'),
(277, 8, '2025-11-27', '10:40:00'),
(278, 8, '2025-11-27', '11:00:00'),
(279, 8, '2025-11-27', '11:20:00'),
(280, 8, '2025-11-27', '11:40:00'),
(281, 8, '2025-11-27', '12:00:00'),
(282, 8, '2025-11-27', '12:20:00'),
(283, 8, '2025-11-27', '12:40:00'),
(284, 8, '2025-11-27', '13:00:00'),
(285, 8, '2025-11-27', '13:20:00'),
(286, 8, '2025-11-27', '13:40:00'),
(287, 8, '2025-11-27', '14:00:00'),
(288, 8, '2025-11-27', '14:20:00'),
(289, 8, '2025-11-27', '14:40:00'),
(290, 8, '2025-11-27', '15:00:00'),
(291, 8, '2025-11-27', '15:20:00'),
(292, 8, '2025-11-27', '15:40:00'),
(293, 8, '2025-11-27', '16:00:00'),
(294, 8, '2025-11-27', '16:20:00'),
(295, 8, '2025-11-27', '16:40:00'),
(296, 8, '2025-11-27', '17:00:00'),
(297, 8, '2025-11-27', '17:20:00'),
(298, 8, '2025-11-27', '17:40:00'),
(299, 8, '2025-11-28', '10:00:00'),
(300, 8, '2025-11-28', '10:20:00'),
(301, 8, '2025-11-28', '10:40:00'),
(302, 8, '2025-11-28', '11:00:00'),
(303, 8, '2025-11-28', '11:20:00'),
(304, 8, '2025-11-28', '11:40:00'),
(305, 8, '2025-11-28', '12:00:00'),
(306, 8, '2025-11-28', '12:20:00'),
(307, 8, '2025-11-28', '12:40:00'),
(308, 8, '2025-11-28', '13:00:00'),
(309, 8, '2025-11-28', '13:20:00'),
(310, 8, '2025-11-28', '13:40:00'),
(311, 8, '2025-11-28', '14:00:00'),
(312, 8, '2025-11-28', '14:20:00'),
(313, 8, '2025-11-28', '14:40:00'),
(314, 8, '2025-11-28', '15:00:00'),
(315, 8, '2025-11-28', '15:20:00'),
(316, 8, '2025-11-28', '15:40:00'),
(317, 8, '2025-11-28', '16:00:00'),
(318, 8, '2025-11-28', '16:20:00'),
(319, 8, '2025-11-28', '16:40:00'),
(320, 8, '2025-11-28', '17:00:00'),
(321, 8, '2025-11-28', '17:20:00'),
(322, 8, '2025-11-28', '17:40:00');

-- --------------------------------------------------------

--
-- Estructura de tabla para la tabla `profesionales`
--

CREATE TABLE `profesionales` (
  `id_profesional` int(11) NOT NULL,
  `nombre` varchar(30) NOT NULL,
  `apellido` varchar(30) NOT NULL,
  `id_servicio` int(11) NOT NULL,
  `dias_trabajados` varchar(50) NOT NULL,
  `hora_inicio` time NOT NULL,
  `hora_fin` time NOT NULL,
  `intervalo` tinyint(4) NOT NULL
) ENGINE=InnoDB DEFAULT CHARSET=utf8mb4 COLLATE=utf8mb4_general_ci;

--
-- Volcado de datos para la tabla `profesionales`
--

INSERT INTO `profesionales` (`id_profesional`, `nombre`, `apellido`, `id_servicio`, `dias_trabajados`, `hora_inicio`, `hora_fin`, `intervalo`) VALUES
(4, 'Karina', 'Latorre', 5, 'lunes,miercoles,viernes', '12:00:00', '18:00:00', 30),
(6, 'Cristofer', 'Estrada', 3, 'martes,miércoles,jueves,viernes', '14:00:00', '20:00:00', 20),
(7, 'Valentina', 'Pincharrata', 3, 'martes,jueves,viernes', '09:00:00', '17:00:00', 30),
(8, 'Lucia', 'Gouzou', 4, 'lunes,martes,miércoles,jueves,viernes,sábado', '10:00:00', '18:00:00', 20);

-- --------------------------------------------------------

--
-- Estructura de tabla para la tabla `servicios`
--

CREATE TABLE `servicios` (
  `id_servicio` int(11) NOT NULL,
  `nombre` varchar(30) NOT NULL,
  `descripcion` varchar(100) NOT NULL
) ENGINE=InnoDB DEFAULT CHARSET=utf8mb4 COLLATE=utf8mb4_general_ci;

--
-- Volcado de datos para la tabla `servicios`
--

INSERT INTO `servicios` (`id_servicio`, `nombre`, `descripcion`) VALUES
(3, 'cardiologia', 'del cocoro'),
(4, 'dermatologia', 'de la pielcita'),
(5, 'fonoaudiologia', 'del habla');

-- --------------------------------------------------------

--
-- Estructura de tabla para la tabla `turnos`
--

CREATE TABLE `turnos` (
  `id_turno` int(11) NOT NULL,
  `id_usuario` int(11) NOT NULL,
  `id_horario` int(11) NOT NULL
) ENGINE=InnoDB DEFAULT CHARSET=utf8mb4 COLLATE=utf8mb4_general_ci;

--
-- Volcado de datos para la tabla `turnos`
--

INSERT INTO `turnos` (`id_turno`, `id_usuario`, `id_horario`) VALUES
(18, 12, 14),
(19, 12, 13),
(20, 12, 17),
(21, 12, 18),
(23, 12, 20),
(24, 13, 21);

-- --------------------------------------------------------

--
-- Estructura de tabla para la tabla `usuarios`
--

CREATE TABLE `usuarios` (
  `id_usuario` int(11) NOT NULL,
  `nombre` varchar(30) NOT NULL,
  `apellido` varchar(30) NOT NULL,
  `dni` int(8) NOT NULL,
  `telefono` bigint(20) NOT NULL,
  `obra_social` varchar(30) NOT NULL,
  `email` varchar(30) NOT NULL,
  `contrasenia` varchar(255) NOT NULL,
  `rol` tinyint(1) NOT NULL
) ENGINE=InnoDB DEFAULT CHARSET=utf8mb4 COLLATE=utf8mb4_general_ci;

--
-- Volcado de datos para la tabla `usuarios`
--

INSERT INTO `usuarios` (`id_usuario`, `nombre`, `apellido`, `dni`, `telefono`, `obra_social`, `email`, `contrasenia`, `rol`) VALUES
(10, 'qsy', 'wacho', 243424234, 0, 'papafrita', 'juan@juan', '81dc9bdb52d04dc20036dbd8313ed055', 0),
(12, 'Matias', 'Gigena', 32456683, 5492262235377, 'polenta paola', 'mati@mati', '81dc9bdb52d04dc20036dbd8313ed055', 0),
(13, 'fulano', 'mengano', 12345432, 12321312, 'pipo gorosito', 'totute@pedo', '81dc9bdb52d04dc20036dbd8313ed055', 0),
(17, 'Paola Emilia', 'Quiroz', 26732512, 5492262097739, 'pami', 'paolita@gmail.com', '81dc9bdb52d04dc20036dbd8313ed055', 0),
(20, 'admin', 'admin', 0, 0, '', 'admin@admin', 'c93ccd78b2076528346216b3b2f701e6', 1);

--
-- Índices para tablas volcadas
--

--
-- Indices de la tabla `horarios`
--
ALTER TABLE `horarios`
  ADD PRIMARY KEY (`id_horario`),
  ADD KEY `horarios_ibfk_1` (`id_profesional`);

--
-- Indices de la tabla `profesionales`
--
ALTER TABLE `profesionales`
  ADD PRIMARY KEY (`id_profesional`),
  ADD KEY `id_servicio` (`id_servicio`);

--
-- Indices de la tabla `servicios`
--
ALTER TABLE `servicios`
  ADD PRIMARY KEY (`id_servicio`);

--
-- Indices de la tabla `turnos`
--
ALTER TABLE `turnos`
  ADD PRIMARY KEY (`id_turno`),
  ADD KEY `id_usuario` (`id_usuario`) USING BTREE,
  ADD KEY `turnos_ibfk_1` (`id_horario`);

--
-- Indices de la tabla `usuarios`
--
ALTER TABLE `usuarios`
  ADD PRIMARY KEY (`id_usuario`);

--
-- AUTO_INCREMENT de las tablas volcadas
--

--
-- AUTO_INCREMENT de la tabla `horarios`
--
ALTER TABLE `horarios`
  MODIFY `id_horario` int(11) NOT NULL AUTO_INCREMENT, AUTO_INCREMENT=323;

--
-- AUTO_INCREMENT de la tabla `profesionales`
--
ALTER TABLE `profesionales`
  MODIFY `id_profesional` int(11) NOT NULL AUTO_INCREMENT, AUTO_INCREMENT=9;

--
-- AUTO_INCREMENT de la tabla `servicios`
--
ALTER TABLE `servicios`
  MODIFY `id_servicio` int(11) NOT NULL AUTO_INCREMENT, AUTO_INCREMENT=6;

--
-- AUTO_INCREMENT de la tabla `turnos`
--
ALTER TABLE `turnos`
  MODIFY `id_turno` int(11) NOT NULL AUTO_INCREMENT, AUTO_INCREMENT=26;

--
-- AUTO_INCREMENT de la tabla `usuarios`
--
ALTER TABLE `usuarios`
  MODIFY `id_usuario` int(11) NOT NULL AUTO_INCREMENT, AUTO_INCREMENT=21;

--
-- Restricciones para tablas volcadas
--

--
-- Filtros para la tabla `horarios`
--
ALTER TABLE `horarios`
  ADD CONSTRAINT `horarios_ibfk_1` FOREIGN KEY (`id_profesional`) REFERENCES `profesionales` (`id_profesional`) ON DELETE CASCADE ON UPDATE CASCADE;

--
-- Filtros para la tabla `profesionales`
--
ALTER TABLE `profesionales`
  ADD CONSTRAINT `fk_especialidad` FOREIGN KEY (`id_servicio`) REFERENCES `servicios` (`id_servicio`) ON DELETE CASCADE ON UPDATE CASCADE;

--
-- Filtros para la tabla `turnos`
--
ALTER TABLE `turnos`
  ADD CONSTRAINT `fk_paciente` FOREIGN KEY (`id_usuario`) REFERENCES `usuarios` (`id_usuario`) ON DELETE CASCADE ON UPDATE CASCADE,
  ADD CONSTRAINT `turnos_ibfk_1` FOREIGN KEY (`id_horario`) REFERENCES `horarios` (`id_horario`) ON DELETE CASCADE ON UPDATE CASCADE;
COMMIT;

/*!40101 SET CHARACTER_SET_CLIENT=@OLD_CHARACTER_SET_CLIENT */;
/*!40101 SET CHARACTER_SET_RESULTS=@OLD_CHARACTER_SET_RESULTS */;
/*!40101 SET COLLATION_CONNECTION=@OLD_COLLATION_CONNECTION */;
